rtw_st_phy,rtw_s1_phy,3,,,
rtw_st_phy,rtw_s2_man,3,,,
rtw_st_phy,rtw_s3_pai,3,,,
rtw_st_phy,rtw_s4_mus,3,,,
rtw_st_phy,rtw_s5_spo,3,,,
rtw_st_phy,rtw_s6_str,3,,,
rtw_st_phy,rtw_s7_spi,3,,,
rtw_st_phy,rtw_s8_tra,3,,,
rtw_st_phy,rtw_s9_amp,3,,,
rtw_st_phy,rtw_s10_car,3,,,
rtw_st_phy,rtw_s11_hyd,3,,,
rtw_st_phy,rtw_s32_hom,3,,,
rtw_st_phy,rtw_s13_gro,3,,,
rtw_st_phy,rtw_s14_bur,3,,,
rtw_st_phy,rtw_s40_pat,3,,,
rtw_st_phy,rtw_s16_wom,3,,,
rtw_st_phy,rtw_s17_oth,3,,,
rtw_st_phy,rtw_s18_alt,3,,,
rtw_st_phy,rtw_s19_tbi,3,,,
rtw_st_phy,rtw_s20_che,3,,,
rtw_st_phy,rtw_s21_che,3,,,
rtw_st_phy,rtw_s22_han,3,,,
rtw_st_phy,rtw_s23_fin,3,,,
rtw_st_phy,rtw_s24_cog,3,,,
rtw_st_occ,rtw_s25_occ,3,,,
rtw_st_occ,rtw_s26_adl,3,,,
rtw_st_occ,rtw_s27_the,3,,,
rtw_st_occ,rtw_s28_spl,3,,,
rtw_st_occ,rtw_s98_pre,3,,,
rtw_st_occ,rtw_s30_cog,3,,,
rtw_st_occ,rtw_s31_ot,3,,,
rtw_st_occ,rtw_s32_hom,3,,,
rtw_st_occ,rtw_s33_aid,3,,,
rtw_st_occ,rtw_s34_wor,3,,,
rtw_st_occ,rtw_s35_wor,3,,,
rtw_st_occ,rtw_s36_dri,3,,,
rtw_st_occ,rtw_s37_veh,3,,,
rtw_st_occ,rtw_s38_fun,3,,,
rtw_st_occ,rtw_s39_mob,3,,,
rtw_st_occ,rtw_s40_pat,3,,,
rtw_st_occ,rtw_s41_tra,3,,,
rtw_st_occ,rtw_s42_sen,3,,,
rtw_st_spe,rtw_s44_tre,3,,,
rtw_st_psy,rtw_s44_tre,3,,,
rtw_st_con,rtw_s45_reh,3,,,
rtw_st_con,rtw_s46_reh,3,,,
rtw_st_con,rtw_s47_med,3,,,
rtw_st_con,rtw_s48_med,3,,,
rtw_st_ass,rtw_s49_gen,3,,,
rtw_st_ass,rtw_s50_gen,3,,,
rtw_st_ass,rtw_s51_neu,3,,,
rtw_st_ass,rtw_s52_cog,3,,,
rtw_st_ass,rtw_s53_hom,3,,,
rtw_st_ass,rtw_s54_wor,3,,,
rtw_st_ass,rtw_s55_dri,3,,,
rtw_st_ass,rtw_s56_whe,3,,,
rtw_st_ass,rtw_s57_pro,3,,,
rtw_st_ass,rtw_s58_spe,3,,,
rtw_st_ass,rtw_s59_psy,3,,,
rtw_st_ass,rtw_s60_sen,3,,,
rtw_st_ass,rtw_s61_cli,3,,,
rtw_st_ass,rtw_s62_vis,3,,,
rtw_st_fun,rtw_s63_gen,1,,,
rtw_st_fun,rtw_s64_bas,1,,,
rtw_st_fun,rtw_s65_com,1,,,
rtw_st_fun,rtw_s66_by,1,,,
rtw_st_fun,rtw_s67_upp,1,,,
rtw_st_fun,rtw_s68_tru,1,,,
rtw_st_fun,rtw_s69_upp,1,,,
rtw_st_fun,rtw_s70_neu,1,,,
rtw_st_fun,rtw_s71_car,1,,,
rtw_st_fun,rtw_s72_cog,1,,,
rtw_st_adm,rtw_s73_fir,3,,,
rtw_st_adm,rtw_s73_fir,1,,,,,,
rtw_st_adm,rtw_s74_fol,3,,,
rtw_st_adm,rtw_s74_fol,1,,,,,,
rtw_st_hos,rtw_s75_inp,3,,,
rtw_st_dry,rtw_s76_dry,,,
rtw_st_serv_by_mod,rtw_s77_the,3,,,
rtw_st_serv_by_mod,rtw_s110_hyd,3,,,
rtw_st_serv_by_mod,rtw_s79_ten,3,,,
rtw_st_serv_by_mod,rtw_s80_cry,3,,,
rtw_st_serv_by_mod,rtw_s81_ice,3,,,
rtw_st_serv_by_mod,rtw_s82_par,3,,,
rtw_st_serv_by_mod,rtw_s83_dum,3,,,
rtw_st_serv_by_mod,rtw_s84_san,3,,,
rtw_st_serv_by_mod,rtw_s85_gym,3,,,
rtw_st_serv_by_mod,rtw_s86_pul,3,,,
rtw_st_serv_by_mod,rtw_s87_wal,3,,,
rtw_st_serv_by_mod,rtw_s88_par,3,,,
rtw_st_serv_by_mod,rtw_s89_til,3,,,
rtw_st_serv_by_mod,rtw_s90_pli,3,,,
rtw_st_serv_by_mod,rtw_s91_exe,3,,,
rtw_st_serv_by_mod,rtw_s92_sta,3,,,
rtw_st_serv_by_mod,rtw_s93_mec,3,,,
rtw_st_serv_by_mod,rtw_s94_sta,3,,,
rtw_st_serv_by_mod,rtw_s95_adl,3,,,
rtw_st_serv_by_mod,rtw_s96_fin,3,,,
rtw_st_serv_by_mod,rtw_s97_spl,3,,,
rtw_st_serv_by_mod,rtw_s98_pre,3,,,
rtw_st_serv_by_mod,rtw_s99_the,3,,,
rtw_st_serv_by_mod,rtw_s100_the,3,,,
rtw_st_serv_by_mod,rtw_s101_han,3,,,
rtw_st_serv_by_mod,rtw_s102_swd,3,,,
rtw_st_serv_by_mod,rtw_s103_con,3,,,
rtw_st_serv_by_mod,rtw_s104_int,3,,,
rtw_st_serv_by_mod,rtw_s105_amb,3,,,
rtw_st_serv_by_mod,rtw_s106_hot,3,,,
rtw_st_serv_by_mod,rtw_s107_tra,3,,,
rtw_st_serv_by_mod,rtw_s108_tre,3,,,
rtw_st_serv_by_mod,rtw_s109_ele,3,,,
rtw_st_serv_by_mod,rtw_s110_hyd,3,,,
rtw_st_serv_by_mod,rtw_s111_inf,3,,,
rtw_st_serv_by_mod,rtw_s112_bas,3,,,
rtw_st_serv_by_mod,rtw_s113_exe,3,,,
rtw_st_serv_by_mod,rtw_s114_mob,3,,,
,rtw_s115_adv,3,,,
,rtw_s116_wal,3,,,
,rtw_s117_bio,3,,,
,rtw_s118_eri,3,,,
,rtw_s119_arm,3,,,
,rtw_s120_loc,3,,,
,rtw_s121_bte,3,,,
,rtw_s122_bte,3,,,
,rtw_s123_vie,3,,,
,rtw_s124_low,3,,,
,rtw_s125_che,3,,,
,rtw_s126_dri,3,,,
,rtw_s127_t/p,3,,,
,rtw_s128_val,3,,,
,,3,,,
,rtw_s130_sho,3,,,
,rtw_s131_sho,3,,,
,rtw_s132_mag,3,,,
,rtw_s133_mot,3,,,
,rtw_s134_hyd,3,,,
,rtw_s135_cyb,3,,,
,rtw_s136_cry,3,,,
,rtw_s137_far,3,,,
rtw_st_serv_by_pack,rtw_s138_pak,3,,,
rtw_st_serv_by_pack,rtw_s139_pak,3,,,
rtw_st_serv_by_pack,rtw_s140_pak,3,,,
rtw_st_serv_by_pack,rtw_s141_pak,3,,,
rtw_st_serv_by_pack,rtw_s142_pak,3,,,
rtw_st_serv_by_pack,rtw_s143_pak,3,,,
rtw_st_serv_by_pack,rtw_s144_pak,3,,,
rtw_st_serv_by_pack,rtw_s145_pak,3,,,
rtw_st_serv_by_pack,rtw_s146_pak,3,,,
rtw_st_serv_by_pack,rtw_s147_pak,3,,,
rtw_st_serv_by_pack,rtw_s148_pak,3,,,
rtw_st_serv_by_pack,rtw_s149_pak,3,,,
rtw_st_serv_by_pack,rtw_s150_pak,3,,,
rtw_st_serv_by_pack,rtw_s151_pak,3,,,
